id,start_dt,entry_signal_dt,entry_confirm_dt,exit_signal_dt,exit_confirm_dt,ts_start_ns,ts_end_ns,entry_signal_ts_ns,entry_confirm_ts_ns,exit_signal_ts_ns,exit_confirm_ts_ns,symbol,buy_ex,sell_ex,start_spread,max_spread,end_spread,start_diff,max_diff,end_diff,avg_start,avg_end,dur_above_ms,dur_total_ms,start_buy_ask,start_buy_ask_sz,start_buy_ask_usd,start_sell_bid,start_sell_bid_sz,start_sell_bid_usd,end_buy_ask,end_buy_ask_sz,end_buy_ask_usd,end_sell_bid,end_sell_bid_sz,end_sell_bid_usd,avg_spread
1,2026-05-22 15:10:05.926000+00:00,2026-05-22 15:10:05.926000+00:00,2026-05-22 15:10:05.926000+00:00,2026-05-22 15:10:05.965000+00:00,2026-05-22 15:10:05.965000+00:00,1779462605927000000,1779462605965000000,1779462605927000000,1779462605927000000,1779462605965000000,1779462605965000000,BEATUSDT,binance,okx,0.4674207721791056,0.4674207721791056,0.1399645423159312,0.3367663777282149,0.3367663777282149,0.009310147865040502,0.1306543944508907,0.1306543944508907,9,38,1.0697,585,625.7745000000001,1.0747,9,9.6723,1.0717,566,606.5822000000001,1.0732,19,20.3908,0.1306570246507621
2,2026-05-22 15:10:27.361000+00:00,2026-05-22 15:10:27.361000+00:00,2026-05-22 15:10:27.361000+00:00,2026-05-22 15:10:27.387000+00:00,2026-05-22 15:10:27.387000+00:00,1779462627361000000,1779462627387000000,1779462627361000000,1779462627361000000,1779462627387000000,1779462627387000000,JELLYJELLYUSDT,binance,okx,0.3143306186598057,0.702811244979906,0,0.3124707911336733,0.7009514174537737,-0.001859827526132327,0.001859827526132327,0.001859827526132327,21,26,0.06999,3128,218.92872,0.07021,1,0.07021,0.0698,14257,995.1386,0.06977,18,1.25586,0.001866603062393108
3,2026-05-22 15:10:29.713000+00:00,2026-05-22 15:10:29.713000+00:00,2026-05-22 15:10:29.713000+00:00,2026-05-22 15:10:29.733000+00:00,2026-05-22 15:10:29.733000+00:00,1779462629713000000,1779462629733000000,1779462629713000000,1779462629713000000,1779462629733000000,1779462629733000000,SAPIENUSDT,okx,binance,0.3154076644062541,0.3154076644062541,0,0.3153962730397072,0.3153962730397072,-1.139136654691437e-05,1.139136654691437e-05,1.139136654691437e-05,0,20,0.12682,3,0.38046,0.12722,41,5.21602,0.12715,1,0.12715,0.12705,1181,150.04605,1.196594764002512e-05
4,2026-05-22 15:10:43.904000+00:00,2026-05-22 15:10:43.904000+00:00,2026-05-22 15:10:43.904000+00:00,2026-05-22 15:10:43.933000+00:00,2026-05-22 15:10:43.933000+00:00,1779462643904000000,1779462643934000000,1779462643904000000,1779462643904000000,1779462643934000000,1779462643934000000,ZBTUSDT,okx,binance,0.3140421713772931,0.4614497212074591,0,0.3139148276398946,0.4613223774700606,-0.0001273437373985242,0.0001273437373985242,0.0001273437373985242,12,30,0.15603,333,51.95799,0.15652,935,146.3462,0.15676,4,0.62704,0.15676,129,20.22204,0.000129856513658939
5,2026-05-22 15:10:49.654000+00:00,2026-05-22 15:10:49.654000+00:00,2026-05-22 15:10:49.654000+00:00,2026-05-22 15:10:49.674000+00:00,2026-05-22 15:10:49.674000+00:00,1779462649654000000,1779462649674000000,1779462649654000000,1779462649654000000,1779462649674000000,1779462649674000000,ZBTUSDT,okx,binance,0.3582853486884229,0.3582853486884229,0,0.3581502106680158,0.3581502106680158,-0.0001351380204070882,0.0001351380204070882,0.0001351380204070882,0,20,0.1563,333,52.0479,0.15686,279,43.76394,0.15663,18,2.81934,0.15663,1041,163.05183,0.0001406824272201408
6,2026-05-22 15:11:05.810000+00:00,2026-05-22 15:11:05.810000+00:00,2026-05-22 15:11:05.810000+00:00,2026-05-22 15:11:05.831000+00:00,2026-05-22 15:11:05.831000+00:00,1779462665810000000,1779462665831000000,1779462665810000000,1779462665810000000,1779462665831000000,1779462665831000000,SPKUSDT,binance,okx,0.3483106931382772,0.4182642035552407,0,0.3479664801389315,0.417919990555895,-0.0003442129993457106,0.0003442129993457106,0.0003442129993457106,15,21,0.02871,141935,4074.95385,0.02881,5,0.14405,0.0287,17197,493.5539,0.02869,99,2.84031,0.0003459259591711544
7,2026-05-22 15:11:05.837000+00:00,2026-05-22 15:11:05.837000+00:00,2026-05-22 15:11:05.837000+00:00,2026-05-22 15:11:05.855000+00:00,2026-05-22 15:11:05.855000+00:00,1779462665837000000,1779462665856000000,1779462665837000000,1779462665837000000,1779462665856000000,1779462665856000000,SPKUSDT,okx,binance,0.3145753233135261,0.3145753233135261,0,0.3145692463037799,0.3145692463037799,-6.077009746173248e-06,6.077009746173248e-06,6.077009746173248e-06,0,19,0.02861,55,1.57355,0.0287,28839,827.6793,0.02867,35,1.00345,0.02866,200809,5755.18594,8.27257215383386e-06
8,2026-05-22 15:11:09.136000+00:00,2026-05-22 15:11:09.136000+00:00,2026-05-22 15:11:09.136000+00:00,2026-05-22 15:11:09.169000+00:00,2026-05-22 15:11:09.169000+00:00,1779462669136000000,1779462669169000000,1779462669136000000,1779462669136000000,1779462669169000000,1779462669169000000,BEATUSDT,binance,okx,0.601517675365533,0.601517675365533,0.1290560471976464,0.4705671724885271,0.4705671724885271,-0.001894455679359586,0.130950502877006,0.130950502877006,21,33,1.0806,78,84.2868,1.0871,1659,1803.4989,1.0848,483,523.9584,1.0862,78,84.7236,0.1309569322097439
9,2026-05-22 15:11:44.639000+00:00,2026-05-22 15:11:44.639000+00:00,2026-05-22 15:11:44.639000+00:00,2026-05-22 15:11:44.690000+00:00,2026-05-22 15:11:44.690000+00:00,1779462704639000000,1779462704690000000,1779462704639000000,1779462704639000000,1779462704690000000,1779462704690000000,SAHARAUSDT,okx,binance,0.3017501508750631,0.3017501508750631,0,0.3017172317653919,0.3017172317653919,-3.291910967115868e-05,3.291910967115868e-05,3.291910967115868e-05,3,51,0.03314,272,9.01408,0.03324,15858,527.11992,0.03322,2526,83.91372,0.03322,8476,281.57272,3.661044769617172e-05
10,2026-05-22 15:11:47.073000+00:00,2026-05-22 15:11:47.073000+00:00,2026-05-22 15:11:47.073000+00:00,2026-05-22 15:11:47.097000+00:00,2026-05-22 15:11:47.097000+00:00,1779462707073000000,1779462707097000000,1779462707073000000,1779462707073000000,1779462707097000000,1779462707097000000,BABYUSDT,okx,binance,0.4281345565749274,1.100917431192658,0,0.4281253366941741,1.100908211311905,-9.219880753242729e-06,9.219880753242729e-06,9.219880753242729e-06,21,24,0.01635,5773,94.38855,0.01642,9217,151.34314,0.01653,1158,19.14174,0.01653,940,15.5382,2.609509521336895e-05
11,2026-05-22 15:12:04.680000+00:00,2026-05-22 15:12:04.680000+00:00,2026-05-22 15:12:04.680000+00:00,2026-05-22 15:12:04.699000+00:00,2026-05-22 15:12:04.699000+00:00,1779462724680000000,1779462724699000000,1779462724680000000,1779462724680000000,1779462724699000000,1779462724699000000,BEATUSDT,binance,okx,0.4342900302114955,0.4342900302114955,0.02830989902802368,0.3025656031062896,0.3025656031062896,-0.1034145280771822,0.1317244271052059,0.1317244271052059,0,19,1.0592,38,40.24959999999999,1.0638,4,4.2552,1.0597,74,78.4178,1.06,1700,1802,0.1317235591280042
12,2026-05-22 15:12:34.281000+00:00,2026-05-22 15:12:34.281000+00:00,2026-05-22 15:12:34.281000+00:00,2026-05-22 15:12:37.368000+00:00,2026-05-22 15:12:37.368000+00:00,1779462754281000000,1779462757368000000,1779462754281000000,1779462754281000000,1779462757368000000,1779462757368000000,BEATUSDT,binance,okx,0.4542873367404804,0.4828173814257202,0.1135395969344394,0.3215994043959666,0.3501294490812064,-0.01914833541007435,0.1326879323445138,0.1326879323445138,11,3087,1.0566,83,87.6978,1.0614,4,4.2456,1.0569,5,5.2845,1.0581,120,126.972,0.1327401553236616
13,2026-05-22 15:13:01.274000+00:00,2026-05-22 15:13:01.274000+00:00,2026-05-22 15:13:01.274000+00:00,2026-05-22 15:13:01.298000+00:00,2026-05-22 15:13:01.298000+00:00,1779462781274000000,1779462781298000000,1779462781274000000,1779462781274000000,1779462781298000000,1779462781298000000,STABLEUSDT,binance,okx,1.129761136216902,1.162415240555362,0,1.097142301766151,1.129796406104612,-0.03261883445075051,0.03261883445075051,0.03261883445075051,20,24,0.03098,9472,293.44256,0.03133,23,0.72059,0.03105,36089,1120.56345,0.03105,20,0.621,0.0326350094556615
14,2026-05-22 15:13:01.312000+00:00,2026-05-22 15:13:01.312000+00:00,2026-05-22 15:13:01.312000+00:00,2026-05-22 15:13:01.831000+00:00,2026-05-22 15:13:01.831000+00:00,1779462781312000000,1779462781831000000,1779462781312000000,1779462781312000000,1779462781831000000,1779462781831000000,STABLEUSDT,binance,okx,0.387346675274366,0.5510534846029174,0,0.3547063185242074,0.5184131278527587,-0.03264035675015865,0.03264035675015865,0.03264035675015865,426,519,0.03098,12173,377.11954,0.0311,20,0.622,0.03096,12871,398.48616,0.03094,92,2.84648,0.03267003225123809
15,2026-05-22 15:13:02.307000+00:00,2026-05-22 15:13:02.307000+00:00,2026-05-22 15:13:02.307000+00:00,2026-05-22 15:13:02.620000+00:00,2026-05-22 15:13:02.620000+00:00,1779462782307000000,1779462782620000000,1779462782307000000,1779462782307000000,1779462782620000000,1779462782620000000,STABLEUSDT,binance,okx,0.485751295336779,0.485751295336779,0.03225806451612772,0.4530596911000105,0.4530596911000105,-0.000433539720640759,0.03269160423676848,0.03269160423676848,53,313,0.03088,13679,422.40752,0.03103,30,0.9309,0.031,13548,419.988,0.03101,30,0.9303,0.03270428306162448
16,2026-05-22 15:13:36.384000+00:00,2026-05-22 15:13:36.384000+00:00,2026-05-22 15:13:36.384000+00:00,2026-05-22 15:13:36.430000+00:00,2026-05-22 15:13:36.430000+00:00,1779462816384000000,1779462816430000000,1779462816384000000,1779462816384000000,1779462816430000000,1779462816430000000,STABLEUSDT,binance,okx,0.6166828951639053,0.8130081300813016,0.03246753246753115,0.5830060679208449,0.7793313028382411,-0.001209294775529307,0.03367682724306045,0.03367682724306045,20,46,0.03081,9472,291.83232,0.031,997,30.907,0.0308,12043,370.9244,0.03081,104,3.20424,0.03369724171886879
17,2026-05-22 15:13:36.474000+00:00,2026-05-22 15:13:36.474000+00:00,2026-05-22 15:13:36.474000+00:00,2026-05-22 15:13:36.493000+00:00,2026-05-22 15:13:36.493000+00:00,1779462816474000000,1779462816493000000,1779462816474000000,1779462816474000000,1779462816493000000,1779462816493000000,PYTHUSDT,binance,okx,0.33444816053512,0.4064068850107662,0,0.3344365032910874,0.4063952277667335,-1.165724403259912e-05,1.165724403259912e-05,1.165724403259912e-05,15,19,0.04186,63220,2646.3892,0.042,197,8.274000000000001,0.04188,264,11.05632,0.04187,120,5.0244,1.570204891364891e-05
18,2026-05-22 15:14:02.474000+00:00,2026-05-22 15:14:02.474000+00:00,2026-05-22 15:14:02.474000+00:00,2026-05-22 15:14:06.039000+00:00,2026-05-22 15:14:06.039000+00:00,1779462842474000000,1779462846039000000,1779462842474000000,1779462842474000000,1779462846039000000,1779462846039000000,BEATUSDT,binance,okx,0.494908156467126,0.494908156467126,0.1046323599353278,0.3614845279340803,0.3614845279340803,-0.02879126859771795,0.1334236285330457,0.1334236285330457,2718,3565,1.0507,721,757.5547,1.0559,5,5.279500000000001,1.0513,5,5.256499999999999,1.0524,11,11.5764,0.1334300367205063
19,2026-05-22 15:14:06.054000+00:00,2026-05-22 15:14:06.054000+00:00,2026-05-22 15:14:06.054000+00:00,2026-05-22 15:14:06.061000+00:00,2026-05-22 15:14:06.061000+00:00,1779462846055000000,1779462846061000000,1779462846055000000,1779462846055000000,1779462846061000000,1779462846061000000,BEATUSDT,okx,binance,0.3436754176610812,0.3532556807332265,0,0.3429580435906315,0.3525383066627768,-0.000717374070449713,0.000717374070449713,0.000717374070449713,3,6,1.0475,1,1.0475,1.0511,149,156.6139,1.0476,108,113.1408,1.047,77,80.619,0.0007185566902202964
20,2026-05-22 15:14:07.598000+00:00,2026-05-22 15:14:07.598000+00:00,2026-05-22 15:14:07.598000+00:00,2026-05-22 15:14:07.635000+00:00,2026-05-22 15:14:07.635000+00:00,1779462847598000000,1779462847635000000,1779462847598000000,1779462847598000000,1779462847635000000,1779462847635000000,BEATUSDT,okx,binance,0.4271844660194135,1.055408970976246,0,0.4264669398957434,1.054691444852575,-0.0007175261236700804,0.0007175261236700804,0.0007175261236700804,31,37,1.03,1,1.03,1.0344,102,105.5088,1.0273,6,6.1638,1.0249,670,686.683,0.0007281080841544209
21,2026-05-22 15:14:08.081000+00:00,2026-05-22 15:14:08.081000+00:00,2026-05-22 15:14:08.081000+00:00,2026-05-22 15:14:08.092000+00:00,2026-05-22 15:14:08.092000+00:00,1779462848081000000,1779462848093000000,1779462848081000000,1779462848081000000,1779462848093000000,1779462848093000000,ZBTUSDT,binance,okx,0.3525867042759297,0.3525867042759297,0.01281804781131337,0.300215404313463,0.300215404313463,-0.03955325215115335,0.05237129996246672,0.05237129996246672,0,12,0.15599,1053,164.25747,0.15654,1143,178.92522,0.15603,1053,164.29959,0.15605,456,71.1588,0.05237096010797285
22,2026-05-22 15:14:44.123000+00:00,2026-05-22 15:14:44.123000+00:00,2026-05-22 15:14:44.123000+00:00,2026-05-22 15:14:44.144000+00:00,2026-05-22 15:14:44.144000+00:00,1779462884123000000,1779462884144000000,1779462884123000000,1779462884123000000,1779462884144000000,1779462884144000000,SPACEUSDT,binance,okx,0.32815852581093,0.36616161616161,0,0.3189692567619054,0.3569723471125854,-0.009189269049024649,0.009189269049024649,0.009189269049024649,14,21,0.007923,15185,120.310755,0.007949,60,0.47694,0.007923,3750,29.71125,0.00792,77,0.60984,0.009195836247281798
23,2026-05-22 15:14:46.799000+00:00,2026-05-22 15:14:46.799000+00:00,2026-05-22 15:14:46.799000+00:00,2026-05-22 15:14:46.847000+00:00,2026-05-22 15:14:46.847000+00:00,1779462886799000000,1779462886847000000,1779462886799000000,1779462886799000000,1779462886847000000,1779462886847000000,BEATUSDT,binance,okx,0.4378545128868725,0.4679410593389237,0.1393312101910896,0.3055934697451915,0.3356800161972427,0.007070167049408604,0.132261043141681,0.132261043141681,13,48,1.0049,103,103.5047,1.0093,11,11.1023,1.0048,6,6.028799999999999,1.0062,12,12.0744,0.1322632222796828
24,2026-05-22 15:14:51.475000+00:00,2026-05-22 15:14:51.475000+00:00,2026-05-22 15:14:51.475000+00:00,2026-05-22 15:14:51.519000+00:00,2026-05-22 15:14:51.519000+00:00,1779462891475000000,1779462891519000000,1779462891475000000,1779462891475000000,1779462891519000000,1779462891519000000,BEATUSDT,binance,okx,0.4806729421189692,0.4806729421189692,0.1401120896717331,0.3485315324270798,0.3485315324270798,0.007970679979843687,0.1321414096918894,0.1321414096918894,0,44,0.9986,283,282.6038,1.0034,27,27.0918,0.9992,4,3.9968,1.0006,32,32.0192,0.1321414374468139
25,2026-05-22 15:15:11.754000+00:00,2026-05-22 15:15:11.754000+00:00,2026-05-22 15:15:11.754000+00:00,2026-05-22 15:15:11.772000+00:00,2026-05-22 15:15:11.772000+00:00,1779462911754000000,1779462911772000000,1779462911754000000,1779462911754000000,1779462911772000000,1779462911772000000,BEATUSDT,okx,binance,0.3231186158015418,0.3547949493895396,0.01041666666666552,0.3223932318917203,0.3540695654797181,0.009691282756844014,0.000725383909821506,0.000725383909821506,1,18,0.9594,1,0.9594,0.9625,6,5.775,0.96,10,9.6,0.9601,3814,3661.8214,0.0007270931792466536
26,2026-05-22 15:15:11.794000+00:00,2026-05-22 15:15:11.794000+00:00,2026-05-22 15:15:11.794000+00:00,2026-05-22 15:15:11.814000+00:00,2026-05-22 15:15:11.814000+00:00,1779462911794000000,1779462911814000000,1779462911794000000,1779462911794000000,1779462911814000000,1779462911814000000,BEATUSDT,binance,okx,0.4700720777185781,0.4700720777185781,0.1250390747108449,0.3387560741401513,0.3387560741401513,-0.006276928867581855,0.1313160035784268,0.1313160035784268,0,20,0.9573,22,21.0606,0.9618,27,25.9686,0.9597,12,11.5164,0.9609,2,1.9218,0.1313161107045525
27,2026-05-22 15:15:12.400000+00:00,2026-05-22 15:15:12.400000+00:00,2026-05-22 15:15:12.400000+00:00,2026-05-22 15:15:12.415000+00:00,2026-05-22 15:15:12.415000+00:00,1779462912400000000,1779462912415000000,1779462912400000000,1779462912400000000,1779462912415000000,1779462912415000000,BEATUSDT,okx,binance,0.4290947148089997,0.7666456626759055,0,0.4283679622807564,0.7659189101476621,-0.0007267525282433595,0.0007267525282433595,0.0007267525282433595,14,15,0.9555,36,34.398,0.9596,212,203.4352,0.9523,29,27.6167,0.9515,1624,1545.236,0.0007440983844357108
28,2026-05-22 15:15:12.443000+00:00,2026-05-22 15:15:12.443000+00:00,2026-05-22 15:15:12.443000+00:00,2026-05-22 15:15:12.468000+00:00,2026-05-22 15:15:12.468000+00:00,1779462912443000000,1779462912468000000,1779462912443000000,1779462912443000000,1779462912468000000,1779462912468000000,BEATUSDT,binance,okx,0.5179156537363814,0.5285412262156454,0,0.3866352920517406,0.3972608645310046,-0.1312803616846407,0.1312803616846407,0.1312803616846407,10,25,0.9461,22,20.8142,0.951,11,10.461,0.9472,468,443.2896,0.9465,10,9.465,0.1312829622131368
29,2026-05-22 15:15:22.459000+00:00,2026-05-22 15:15:22.459000+00:00,2026-05-22 15:15:22.459000+00:00,2026-05-22 15:15:22.468000+00:00,2026-05-22 15:15:22.468000+00:00,1779462922459000000,1779462922468000000,1779462922459000000,1779462922459000000,1779462922468000000,1779462922468000000,BEATUSDT,okx,binance,0.3676470588235355,0.3992015968063899,0,0.3669105885998033,0.3984651265826577,-0.000736470223732244,0.000736470223732244,0.000736470223732244,6,9,0.952,27,25.704,0.9555,92,87.906,0.9526,10,9.526,0.952,4098,3901.296,0.0007376437717450156
30,2026-05-22 15:15:22.576000+00:00,2026-05-22 15:15:22.576000+00:00,2026-05-22 15:15:22.576000+00:00,2026-05-22 15:15:22.589000+00:00,2026-05-22 15:15:22.589000+00:00,1779462922576000000,1779462922589000000,1779462922576000000,1779462922576000000,1779462922589000000,1779462922589000000,BEATUSDT,okx,binance,0.4339083500899559,0.5721551176096706,0.01059658789869545,0.4331694947191074,0.5714162622388221,0.009857732527846996,0.0007388553708484566,0.0007388553708484566,11,13,0.9449,5,4.7245,0.949,103,97.747,0.9437,73,68.8901,0.9438,1081,1020.2478,0.0007406271908170964
31,2026-05-22 15:15:22.590000+00:00,2026-05-22 15:15:22.590000+00:00,2026-05-22 15:15:22.590000+00:00,2026-05-22 15:15:22.598000+00:00,2026-05-22 15:15:22.598000+00:00,1779462922590000000,1779462922598000000,1779462922590000000,1779462922590000000,1779462922598000000,1779462922598000000,BEATUSDT,okx,binance,0.3073336159389586,0.6064474944143035,0.0105943426210392,0.3065929887481416,0.6057068672234863,0.009853715430222102,0.0007406271908170964,0.0007406271908170964,7,8,0.9436,53,50.0108,0.9465,2529,2393.6985,0.9439,21,19.8219,0.944,47,44.36799999999999,0.0007411148837529074
32,2026-05-22 15:15:22.601000+00:00,2026-05-22 15:15:22.601000+00:00,2026-05-22 15:15:22.601000+00:00,2026-05-22 15:15:22.627000+00:00,2026-05-22 15:15:22.627000+00:00,1779462922601000000,1779462922627000000,1779462922601000000,1779462922601000000,1779462922627000000,1779462922627000000,BEATUSDT,okx,binance,0.4468560485158094,0.4574954782423749,0,0.4461149253768706,0.4567543551034361,-0.0007411231389387377,0.0007411231389387377,0.0007411231389387377,15,26,0.9399,324,304.5276,0.9441,106,100.0746,0.9401,18,16.9218,0.9399,229,215.2371,0.0007480394569840334
33,2026-05-22 15:15:30.321000+00:00,2026-05-22 15:15:30.321000+00:00,2026-05-22 15:15:30.321000+00:00,2026-05-22 15:15:30.342000+00:00,2026-05-22 15:15:30.342000+00:00,1779462930321000000,1779462930342000000,1779462930321000000,1779462930321000000,1779462930342000000,1779462930342000000,BEATUSDT,binance,okx,0.4463336875664286,0.4463336875664286,0.0318640467339317,0.3159145738787119,0.3159145738787119,-0.09855506695378499,0.1304191136877167,0.1304191136877167,4,21,0.941,1375,1293.875,0.9452,5,4.726,0.9415,6,5.649,0.9418,8,7.5344,0.1304222149880261
34,2026-05-22 15:16:00.763000+00:00,2026-05-22 15:16:00.763000+00:00,2026-05-22 15:16:00.763000+00:00,2026-05-22 15:16:00.791000+00:00,2026-05-22 15:16:00.791000+00:00,1779462960763000000,1779462960791000000,1779462960763000000,1779462960763000000,1779462960791000000,1779462960791000000,BEATUSDT,binance,okx,0.5046167060339314,0.9820850420893587,0.04319654427645312,0.3755706385497102,0.8530389746051374,-0.08584952320776809,0.1290460674842212,0.1290460674842212,26,28,0.9314,934,869.9276,0.9361,10,9.361,0.926,14,12.964,0.9264,46,42.6144,0.1290516453082073
35,2026-05-22 15:16:00.937000+00:00,2026-05-22 15:16:00.937000+00:00,2026-05-22 15:16:00.937000+00:00,2026-05-22 15:16:01.534000+00:00,2026-05-22 15:16:01.534000+00:00,1779462960938000000,1779462961534000000,1779462960938000000,1779462960938000000,1779462961534000000,1779462961534000000,BEATUSDT,binance,okx,0.4560755782386775,1.092776745710852,0.1201791762263728,0.3270231686166954,0.9637243360888703,-0.008873233395609262,0.129052409621982,0.129052409621982,382,596,0.9209,96,88.4064,0.9251,1,0.9251,0.9153,362,331.3386,0.9164,2,1.8328,0.1291150910521594
36,2026-05-22 15:16:06.608000+00:00,2026-05-22 15:16:06.608000+00:00,2026-05-22 15:16:06.608000+00:00,2026-05-22 15:16:06.628000+00:00,2026-05-22 15:16:06.628000+00:00,1779462966608000000,1779462966628000000,1779462966608000000,1779462966608000000,1779462966628000000,1779462966628000000,BEATUSDT,binance,okx,0.4444926279271458,0.4444926279271458,0.1191378750135373,0.3155420563834655,0.3155420563834655,-0.00981269653014298,0.1289505715436803,0.1289505715436803,5,20,0.9224,86,79.3264,0.9265,57,52.8105,0.9233,105,96.9465,0.9244,42,38.8248,0.1289487980091123
37,2026-05-22 15:16:12.217000+00:00,2026-05-22 15:16:12.217000+00:00,2026-05-22 15:16:12.217000+00:00,2026-05-22 15:16:12.235000+00:00,2026-05-22 15:16:12.235000+00:00,1779462972217000000,1779462972235000000,1779462972217000000,1779462972217000000,1779462972235000000,1779462972235000000,GRASSUSDT,okx,binance,0.3652134215932413,0.3880392604428293,0,0.3556914228381853,0.3785172616877733,-0.009521998755055982,0.009521998755055982,0.009521998755055982,12,18,0.4381,342,149.8302,0.4397,12401.3,5452.85161,0.4395,45,19.7775,0.4395,588.4,258.6018,0.009521236600970387
38,2026-05-22 15:16:25.376000+00:00,2026-05-22 15:16:25.376000+00:00,2026-05-22 15:16:25.376000+00:00,2026-05-22 15:16:25.397000+00:00,2026-05-22 15:16:25.397000+00:00,1779462985377000000,1779462985397000000,1779462985377000000,1779462985377000000,1779462985397000000,1779462985397000000,HOMEUSDT,binance,okx,0.3654287413954248,0.3654287413954248,0,0.358448658642868,0.358448658642868,-0.006980082752556807,0.006980082752556807,0.006980082752556807,8,20,0.023534,1577,37.113118,0.02362,22,0.51964,0.023605,7324,172.88302,0.02359,615,14.50785,0.006983107828251207
39,2026-05-22 15:16:56.579000+00:00,2026-05-22 15:16:56.579000+00:00,2026-05-22 15:16:56.579000+00:00,2026-05-22 15:16:56.604000+00:00,2026-05-22 15:16:56.604000+00:00,1779463016579000000,1779463016604000000,1779463016579000000,1779463016579000000,1779463016604000000,1779463016604000000,EDENUSDT,okx,binance,0.3255042124074436,0.6190962471279031,0,0.3254686141243827,0.6190606488448422,-3.559828306087172e-05,3.559828306087172e-05,3.559828306087172e-05,19,25,0.15668,399,62.51532,0.15719,7721,1213.66399,0.1578,572,90.2616,0.15745,19571,3081.45395,4.159433573935731e-05
40,2026-05-22 15:16:56.624000+00:00,2026-05-22 15:16:56.624000+00:00,2026-05-22 15:16:56.624000+00:00,2026-05-22 15:16:56.647000+00:00,2026-05-22 15:16:56.647000+00:00,1779463016624000000,1779463016647000000,1779463016624000000,1779463016624000000,1779463016647000000,1779463016647000000,EDENUSDT,binance,okx,1.054169048072646,1.060586815699228,0.00631911532386098,0.8939210286256417,0.9003387962522243,-0.1539289041231429,0.1602480194470039,0.1602480194470039,19,23,0.15747,697,109.75659,0.15913,24873,3958.04049,0.15825,37,5.85525,0.15826,3,0.47478,0.1602532874714488
41,2026-05-22 15:16:58.470000+00:00,2026-05-22 15:16:58.470000+00:00,2026-05-22 15:16:58.470000+00:00,2026-05-22 15:16:58.492000+00:00,2026-05-22 15:16:58.492000+00:00,1779463018470000000,1779463018492000000,1779463018470000000,1779463018470000000,1779463018492000000,1779463018492000000,EDENUSDT,binance,okx,0.5056250790039155,0.5056250790039155,0.1135503406510305,0.3453440049988163,0.3453440049988163,-0.04673073335406872,0.1602810740050992,0.1602810740050992,0,22,0.15822,32,5.06304,0.15902,1,0.15902,0.15852,740,117.3048,0.1587,39,6.1893,0.1602821170648234
42,2026-05-22 15:17:20.260000+00:00,2026-05-22 15:17:20.260000+00:00,2026-05-22 15:17:20.260000+00:00,2026-05-22 15:17:20.277000+00:00,2026-05-22 15:17:20.277000+00:00,1779463040260000000,1779463040277000000,1779463040260000000,1779463040260000000,1779463040277000000,1779463040277000000,BEATUSDT,binance,okx,0.4457344252099067,0.4768816089570742,0.08269588587966838,0.3198285198733921,0.3509757036205595,-0.04321001945684631,0.1259059053365147,0.1259059053365147,6,17,0.9647,195,188.1165,0.969,146,141.474,0.9674,90,87.066,0.9682,52,50.3464,0.1259076240885858
43,2026-05-22 15:17:42.840000+00:00,2026-05-22 15:17:42.840000+00:00,2026-05-22 15:17:42.840000+00:00,2026-05-22 15:17:42.854000+00:00,2026-05-22 15:17:42.854000+00:00,1779463062840000000,1779463062854000000,1779463062840000000,1779463062840000000,1779463062854000000,1779463062854000000,LABUSDT,binance,okx,0.410091824908635,0.4257595684447492,0.0890571078704121,0.3264931301812604,0.3421608737173745,0.005458413143037424,0.08359869472737468,0.08359869472737468,1,14,4.4868,252,1130.6736,4.5052,6,27.0312,4.4915,98,440.167,4.4955,5,22.4775,0.08360299003579083
44,2026-05-22 15:17:56.722000+00:00,2026-05-22 15:17:56.722000+00:00,2026-05-22 15:17:56.722000+00:00,2026-05-22 15:17:57.770000+00:00,2026-05-22 15:17:57.770000+00:00,1779463076722000000,1779463077770000000,1779463076722000000,1779463076722000000,1779463077770000000,1779463077770000000,EDENUSDT,binance,okx,0.4868913857677921,0.505334081976421,0.1618727431203975,0.324969141676668,0.3434118378852971,-4.950097072653481e-05,0.161922244091124,0.161922244091124,1036,1048,0.1602,15926,2551.3452,0.16098,1,0.16098,0.16062,11302,1815.32724,0.16088,8,1.28704,0.1619670725874899
45,2026-05-22 15:18:13.191000+00:00,2026-05-22 15:18:13.191000+00:00,2026-05-22 15:18:13.191000+00:00,2026-05-22 15:18:13.210000+00:00,2026-05-22 15:18:13.210000+00:00,1779463093192000000,1779463093210000000,1779463093192000000,1779463093192000000,1779463093210000000,1779463093210000000,BEATUSDT,binance,okx,0.4691898654989115,0.4691898654989115,0.06232471174821284,0.3452468972681875,0.3452468972681875,-0.06161825648251113,0.123942968230724,0.123942968230724,12,18,0.9591,477,457.4907,0.9636,1,0.9636,0.9627,338,325.3926,0.9633,129,124.2657,0.1239494229697067
46,2026-05-22 15:18:19.570000+00:00,2026-05-22 15:18:19.570000+00:00,2026-05-22 15:18:19.570000+00:00,2026-05-22 15:18:21.492000+00:00,2026-05-22 15:18:21.492000+00:00,1779463099570000000,1779463101492000000,1779463099570000000,1779463099570000000,1779463101492000000,1779463101492000000,EDENUSDT,binance,okx,0.5090638192202555,0.5773528681400462,0.1485148514851596,0.3464061113265977,0.4146951602463884,-0.01414285640849808,0.1626577078936577,0.1626577078936577,14,1922,0.16108,284,45.74672,0.1619,2,0.3238,0.1616,6767,1093.5472,0.16184,760,122.9984,0.1627744011589734
47,2026-05-22 15:18:34.685000+00:00,2026-05-22 15:18:34.685000+00:00,2026-05-22 15:18:34.685000+00:00,2026-05-22 15:18:34.704000+00:00,2026-05-22 15:18:34.704000+00:00,1779463114685000000,1779463114704000000,1779463114685000000,1779463114685000000,1779463114704000000,1779463114704000000,LINEAUSDT,binance,okx,0.3208868144690828,0.3794512551080101,0,0.3190766282738338,0.3776410689127611,-0.001810186195249006,0.001810186195249006,0.001810186195249006,14,19,0.003428,666752,2285.625856,0.003439,52,0.178828,0.003427,224488,769.320376,0.003427,2669,9.146663,0.001814893611883844
48,2026-05-22 15:20:12.885000+00:00,2026-05-22 15:20:12.885000+00:00,2026-05-22 15:20:12.885000+00:00,2026-05-22 15:20:12.892000+00:00,2026-05-22 15:20:12.892000+00:00,1779463212885000000,1779463212892000000,1779463212885000000,1779463212885000000,1779463212892000000,1779463212892000000,EIGENUSDT,okx,binance,0.3362151777137398,0.3362151777137398,0,0.336084101585783,0.336084101585783,-0.0001310761279567848,0.0001310761279567848,0.0001310761279567848,1,7,0.2082,996,207.3672,0.2089,4883.8,1020.22582,0.2088,4645,969.8760000000001,0.2088,3861.4,806.2603200000001,0.0001309965989359147
49,2026-05-22 15:20:49.921000+00:00,2026-05-22 15:20:49.921000+00:00,2026-05-22 15:20:49.921000+00:00,2026-05-22 15:20:49.934000+00:00,2026-05-22 15:20:49.934000+00:00,1779463249921000000,1779463249934000000,1779463249921000000,1779463249921000000,1779463249934000000,1779463249934000000,BEATUSDT,okx,binance,0.4074809319820306,0.4074809319820306,0,0.4067079216433528,0.4067079216433528,-0.0007730103386778527,0.0007730103386778527,0.0007730103386778527,6,13,0.9571,27,25.8417,0.961,205,197.005,0.9604,25,24.01,0.9603,232,222.7896,0.0007747037946841252
50,2026-05-22 15:21:04.284000+00:00,2026-05-22 15:21:04.284000+00:00,2026-05-22 15:21:04.284000+00:00,2026-05-22 15:21:04.302000+00:00,2026-05-22 15:21:04.302000+00:00,1779463264284000000,1779463264302000000,1779463264284000000,1779463264284000000,1779463264302000000,1779463264302000000,GRASSUSDT,okx,binance,0.3222836095764301,0.3683241252302004,0,0.3126740997331581,0.3587146153869283,-0.009609509843272024,0.009609509843272024,0.009609509843272024,9,18,0.4344,1001,434.8344,0.4358,500,217.9,0.4355,25,10.8875,0.4353,5722.2,2490.87366,0.009612920802366889
51,2026-05-22 15:21:19.874000+00:00,2026-05-22 15:21:19.874000+00:00,2026-05-22 15:21:19.874000+00:00,2026-05-22 15:21:19.893000+00:00,2026-05-22 15:21:19.893000+00:00,1779463279874000000,1779463279893000000,1779463279874000000,1779463279874000000,1779463279893000000,1779463279893000000,BEATUSDT,okx,binance,0.3442879499217495,0.3964527908189907,0,0.3435166883068366,0.3956815292040777,-0.0007712616149129359,0.0007712616149129359,0.0007712616149129359,13,19,0.9585,5,4.7925,0.9618,1695,1630.251,0.9608,104,99.9232,0.9607,31,29.7817,0.0007752968069152686
52,2026-05-22 15:21:20.399000+00:00,2026-05-22 15:21:20.399000+00:00,2026-05-22 15:21:20.399000+00:00,2026-05-22 15:21:20.422000+00:00,2026-05-22 15:21:20.422000+00:00,1779463280399000000,1779463280422000000,1779463280399000000,1779463280399000000,1779463280422000000,1779463280422000000,SAPIENUSDT,binance,okx,0.340513145391183,0.3484596499564394,0,0.3252153451082145,0.3331618496734708,-0.01529780028296849,0.01529780028296849,0.01529780028296849,6,23,0.12628,26822,3387.08216,0.12671,10,1.2671,0.12638,39,4.92882,0.12636,20,2.5272,0.01530964988700916
53,2026-05-22 15:21:21.345000+00:00,2026-05-22 15:21:21.345000+00:00,2026-05-22 15:21:21.345000+00:00,2026-05-22 15:21:21.400000+00:00,2026-05-22 15:21:21.400000+00:00,1779463281345000000,1779463281400000000,1779463281345000000,1779463281345000000,1779463281400000000,1779463281400000000,SAHARAUSDT,binance,okx,0.4224502112250884,0.4830917874396148,0,0.4058756000553471,0.4665171762698735,-0.01657461116974122,0.01657461116974122,0.01657461116974122,13,55,0.03314,9221,305.58394,0.03328,331,11.01568,0.03313,12412,411.20956,0.03313,3072,101.77536,0.01657462027439024
54,2026-05-22 15:21:34.298000+00:00,2026-05-22 15:21:34.298000+00:00,2026-05-22 15:21:34.298000+00:00,2026-05-22 15:21:34.315000+00:00,2026-05-22 15:21:34.315000+00:00,1779463294298000000,1779463294315000000,1779463294298000000,1779463294298000000,1779463294315000000,1779463294315000000,USELESSUSDT,okx,binance,0.3516174402250355,0.365733577155713,0.02808988764045804,0.3308371491921574,0.3449532861228349,0.007309596607579943,0.0207802910328781,0.0207802910328781,13,17,0.0711,4,0.2844,0.07135,1635,116.65725,0.0712,81,5.7672,0.07122,1804,128.48088,0.02078882674730115
55,2026-05-22 15:22:01.352000+00:00,2026-05-22 15:22:01.352000+00:00,2026-05-22 15:22:01.352000+00:00,2026-05-22 15:22:01.369000+00:00,2026-05-22 15:22:01.369000+00:00,1779463321352000000,1779463321369000000,1779463321352000000,1779463321352000000,1779463321369000000,1779463321369000000,BEATUSDT,binance,okx,0.4845360824742306,0.5258274048871011,0.02054653790836018,0.367951743651529,0.4092430660643995,-0.09603780091434147,0.1165843388227017,0.1165843388227017,11,17,0.97,385,373.45,0.9747,1,0.9747,0.9734,1520,1479.568,0.9736,1,0.9736,0.1165871000349004
56,2026-05-22 15:22:01.669000+00:00,2026-05-22 15:22:01.669000+00:00,2026-05-22 15:22:01.669000+00:00,2026-05-22 15:22:01.689000+00:00,2026-05-22 15:22:01.689000+00:00,1779463321669000000,1779463321689000000,1779463321669000000,1779463321669000000,1779463321689000000,1779463321689000000,BEATUSDT,binance,okx,0.432855817788311,0.5049984540863551,0.08220304151253832,0.3162804285478076,0.3884230648458518,-0.03437234772796505,0.1165753892405034,0.1165753892405034,12,20,0.9703,12,11.6436,0.9745,139,135.4555,0.9732,582,566.4024,0.974,6,5.843999999999999,0.1165775248244723
57,2026-05-22 15:22:02.274000+00:00,2026-05-22 15:22:02.274000+00:00,2026-05-22 15:22:02.274000+00:00,2026-05-22 15:22:02.331000+00:00,2026-05-22 15:22:02.331000+00:00,1779463322274000000,1779463322331000000,1779463322274000000,1779463322274000000,1779463322331000000,1779463322331000000,BEATUSDT,binance,okx,0.5034936292642844,0.6884504726674927,0.1025115325474117,0.3869343887286398,0.5718912321318481,-0.0140477079882329,0.1165592405356446,0.1165592405356446,50,57,0.9732,38,36.9816,0.9781,1,0.9781,0.9755,206,200.953,0.9765,1,0.9765,0.1165707773869926
58,2026-05-22 15:22:02.718000+00:00,2026-05-22 15:22:02.718000+00:00,2026-05-22 15:22:02.718000+00:00,2026-05-22 15:22:02.752000+00:00,2026-05-22 15:22:02.752000+00:00,1779463322718000000,1779463322752000000,1779463322718000000,1779463322718000000,1779463322752000000,1779463322752000000,BEATUSDT,binance,okx,0.4202972834443868,0.6150061500615012,0.1120961989198106,0.3037333374116872,0.4984422040288016,-0.004467747112889067,0.1165639460326996,0.1165639460326996,18,34,0.9755,300,292.65,0.9796,1,0.9796,0.9813,85,83.4105,0.9824,97,95.2928,0.1165691970789777
59,2026-05-22 15:22:03.160000+00:00,2026-05-22 15:22:03.160000+00:00,2026-05-22 15:22:03.160000+00:00,2026-05-22 15:22:03.247000+00:00,2026-05-22 15:22:03.247000+00:00,1779463323160000000,1779463323247000000,1779463323160000000,1779463323160000000,1779463323247000000,1779463323247000000,BEATUSDT,binance,okx,0.426742532005688,0.6291861173127646,0.03039513677811215,0.310182135634253,0.5126257209413296,-0.08616525959332288,0.116560396371435,0.116560396371435,46,87,0.9842,120,118.104,0.9884,1,0.9884,0.987,599,591.213,0.9873,4,3.9492,0.1165681991653591
60,2026-05-22 15:22:03.313000+00:00,2026-05-22 15:22:03.313000+00:00,2026-05-22 15:22:03.313000+00:00,2026-05-22 15:22:03.375000+00:00,2026-05-22 15:22:03.375000+00:00,1779463323313000000,1779463323375000000,1779463323313000000,1779463323313000000,1779463323375000000,1779463323375000000,BEATUSDT,binance,okx,0.6686252659305086,1.023199270590619,0.07051475773143173,0.5520588430009814,0.9066328476610915,-0.04605166519809555,0.1165664229295273,0.1165664229295273,33,62,0.9871,13,12.8323,0.9937,1,0.9937,0.9927,457,453.6639,0.9934,32,31.7888,0.1165725057326619
61,2026-05-22 15:22:04.206000+00:00,2026-05-22 15:22:04.206000+00:00,2026-05-22 15:22:04.206000+00:00,2026-05-22 15:22:04.276000+00:00,2026-05-22 15:22:04.276000+00:00,1779463324206000000,1779463324276000000,1779463324206000000,1779463324206000000,1779463324276000000,1779463324276000000,BEATUSDT,binance,okx,0.4249721744409686,0.556567496458213,0.06053268765133625,0.3084029962980294,0.4399983183152738,-0.056036490491603,0.1165691781429393,0.1165691781429393,21,70,0.9883,188,185.8004,0.9925,1,0.9925,0.9912,181,179.4072,0.9918,2,1.9836,0.1165707883906027
62,2026-05-22 15:22:04.525000+00:00,2026-05-22 15:22:04.525000+00:00,2026-05-22 15:22:04.525000+00:00,2026-05-22 15:22:04.582000+00:00,2026-05-22 15:22:04.582000+00:00,1779463324525000000,1779463324583000000,1779463324525000000,1779463324525000000,1779463324583000000,1779463324583000000,BEATUSDT,binance,okx,0.4250581924906368,0.4351786256451746,0.1213960546282224,0.3084936484954183,0.3186140816499562,0.004831510633003994,0.1165645439952184,0.1165645439952184,7,58,0.9881,22,21.7382,0.9923,5,4.9615,0.9885,90,88.965,0.9897,27,26.7219,0.1165652806288845
63,2026-05-22 15:22:08.597000+00:00,2026-05-22 15:22:08.597000+00:00,2026-05-22 15:22:08.597000+00:00,2026-05-22 15:22:08.706000+00:00,2026-05-22 15:22:08.706000+00:00,1779463328597000000,1779463328706000000,1779463328597000000,1779463328597000000,1779463328706000000,1779463328706000000,BEATUSDT,binance,okx,0.4327261749018789,0.4327261749018789,0.1202404809619217,0.3162473204174808,0.3162473204174808,0.003761626477523677,0.1164788544843981,0.1164788544843981,16,109,0.9937,35,34.7795,0.998,1,0.998,0.998,358,357.284,0.9992,36,35.9712,0.1164832543059729
64,2026-05-22 15:22:08.723000+00:00,2026-05-22 15:22:08.723000+00:00,2026-05-22 15:22:08.723000+00:00,2026-05-22 15:22:09.655000+00:00,2026-05-22 15:22:09.655000+00:00,1779463328723000000,1779463329655000000,1779463328723000000,1779463328723000000,1779463329655000000,1779463329655000000,BEATUSDT,binance,okx,0.4217290892659887,0.4321173751381741,0.01002405773857147,0.3052437625638227,0.3156320484360081,-0.1064612689635946,0.1164853267021661,0.1164853267021661,402,932,0.9959,89,88.6351,1.0001,15,15.0015,0.9976,6,5.9856,0.9977,59,58.8643,0.1165065359951589
65,2026-05-22 15:22:19.565000+00:00,2026-05-22 15:22:19.565000+00:00,2026-05-22 15:22:19.565000+00:00,2026-05-22 15:22:19.580000+00:00,2026-05-22 15:22:19.580000+00:00,1779463339566000000,1779463339581000000,1779463339566000000,1779463339566000000,1779463339581000000,1779463339581000000,BEATUSDT,binance,okx,0.4201260378113416,0.4301290387116105,0.1196530062817918,0.3038572714560873,0.3138602723563562,0.003384239926537524,0.1162687663552543,0.1162687663552543,10,15,0.9997,6,5.998200000000001,1.0039,90,90.351,1.0029,9853,9881.573699999999,1.0041,27,27.1107,0.1162705488153965
66,2026-05-22 15:22:24.152000+00:00,2026-05-22 15:22:24.152000+00:00,2026-05-22 15:22:24.152000+00:00,2026-05-22 15:22:24.181000+00:00,2026-05-22 15:22:24.181000+00:00,1779463344152000000,1779463344181000000,1779463344152000000,1779463344152000000,1779463344181000000,1779463344181000000,BEATUSDT,binance,okx,0.4191616766467047,0.4291417165668633,0.1193792280143123,0.3029539106552381,0.3129339505753966,0.003171462022845697,0.1162077659914666,0.1162077659914666,15,29,1.002,6,6.012,1.0062,1,1.0062,1.0052,591,594.0732,1.0064,141,141.9024,0.1162099449622129
67,2026-05-22 15:22:32.319000+00:00,2026-05-22 15:22:32.319000+00:00,2026-05-22 15:22:32.319000+00:00,2026-05-22 15:22:33.534000+00:00,2026-05-22 15:22:33.534000+00:00,1779463352320000000,1779463353534000000,1779463352320000000,1779463352320000000,1779463353534000000,1779463353534000000,BEATUSDT,binance,okx,0.435471100554232,0.435471100554232,0.1190948789201933,0.3193538864512239,0.3193538864512239,0.002977664817185241,0.1161172141030081,0.1161172141030081,0,1214,1.0104,256,258.6624,1.0148,1,1.0148,1.0076,767,772.8292,1.0088,2,2.0176,0.116098727797481
68,2026-05-22 15:22:45.123000+00:00,2026-05-22 15:22:45.123000+00:00,2026-05-22 15:22:45.123000+00:00,2026-05-22 15:22:45.153000+00:00,2026-05-22 15:22:45.153000+00:00,1779463365123000000,1779463365153000000,1779463365123000000,1779463365123000000,1779463365153000000,1779463365153000000,BEATUSDT,binance,okx,0.4228537712656301,0.5408594748746249,0,0.3070628689728376,0.4250685725818324,-0.1157909022927925,0.1157909022927925,0.1157909022927925,15,30,1.0169,294,298.9686,1.0212,2,2.0424,1.0219,491,501.7529,1.0217,180,183.906,0.1157934084024936
69,2026-05-22 15:22:45.727000+00:00,2026-05-22 15:22:45.727000+00:00,2026-05-22 15:22:45.727000+00:00,2026-05-22 15:22:45.747000+00:00,2026-05-22 15:22:45.747000+00:00,1779463365727000000,1779463365748000000,1779463365727000000,1779463365727000000,1779463365748000000,1779463365748000000,BEATUSDT,binance,okx,0.4332414336352855,0.4332414336352855,0.1178897730621739,0.3174605425575358,0.3174605425575358,0.002108881984424146,0.1157808910777497,0.1157808910777497,7,21,1.0156,144,146.2464,1.02,1,1.02,1.0179,2848,2898.9792,1.0191,17,17.3247,0.1157830020737653
70,2026-05-22 15:22:55.226000+00:00,2026-05-22 15:22:55.226000+00:00,2026-05-22 15:22:55.226000+00:00,2026-05-22 15:22:55.269000+00:00,2026-05-22 15:22:55.269000+00:00,1779463375226000000,1779463375269000000,1779463375226000000,1779463375226000000,1779463375269000000,1779463375269000000,BEATUSDT,binance,okx,0.4213620774130299,0.6957373836354833,0.07794991717820442,0.3055916587337053,0.5799669649561586,-0.03782050150112029,0.1157704186793247,0.1157704186793247,23,43,1.0205,196,200.018,1.0248,10,10.248,1.0263,1672,1715.9736,1.0271,39,40.0569,0.1157740784206257
71,2026-05-22 15:22:55.515000+00:00,2026-05-22 15:22:55.515000+00:00,2026-05-22 15:22:55.515000+00:00,2026-05-22 15:22:56.417000+00:00,2026-05-22 15:22:56.417000+00:00,1779463375515000000,1779463376417000000,1779463375515000000,1779463375515000000,1779463376417000000,1779463376417000000,BEATUSDT,binance,okx,0.4398397028638619,0.4398397028638619,0.06849315068492397,0.3240611819503665,0.3240611819503665,-0.04728537022857142,0.1157785209134954,0.1157785209134954,0,902,1.0231,488,499.2728,1.0276,1,1.0276,1.022,389,397.558,1.0227,5,5.1135,0.1157946870294241
72,2026-05-22 15:23:03.772000+00:00,2026-05-22 15:23:03.772000+00:00,2026-05-22 15:23:03.772000+00:00,2026-05-22 15:23:03.795000+00:00,2026-05-22 15:23:03.795000+00:00,1779463383772000000,1779463383795000000,1779463383772000000,1779463383772000000,1779463383795000000,1779463383795000000,WLDUSDT,okx,binance,0.3728813559322,0.7118644067796579,0,0.3728236918352824,0.7118067426827402,-5.766409691766254e-05,5.766409691766254e-05,5.766409691766254e-05,15,23,0.295,12055,3556.225,0.2961,19,5.6259,0.2975,6364,1893.29,0.2971,6703,1991.4613,6.306324759777604e-05
73,2026-05-22 15:23:05.875000+00:00,2026-05-22 15:23:05.875000+00:00,2026-05-22 15:23:05.875000+00:00,2026-05-22 15:23:06.209000+00:00,2026-05-22 15:23:06.209000+00:00,1779463385875000000,1779463386209000000,1779463385875000000,1779463385875000000,1779463386209000000,1779463386209000000,BEATUSDT,binance,okx,0.4220237511041509,0.431880643894796,0.09807767752058551,0.3062239107835908,0.316080803574236,-0.01772216279997449,0.11579984032056,0.11579984032056,1,334,1.0189,79,80.4931,1.0232,1,1.0232,1.0196,65,66.274,1.0206,5,5.103,0.1158052413650992
74,2026-05-22 15:23:10.720000+00:00,2026-05-22 15:23:10.720000+00:00,2026-05-22 15:23:10.720000+00:00,2026-05-22 15:23:10.739000+00:00,2026-05-22 15:23:10.739000+00:00,1779463390720000000,1779463390739000000,1779463390720000000,1779463390720000000,1779463390739000000,1779463390739000000,SAHARAUSDT,binance,okx,0.3342449103615892,0.3647416413373922,0,0.3169202982307631,0.3474170292065662,-0.01732461213082604,0.01732461213082604,0.01732461213082604,5,19,0.03291,26582,874.81362,0.03302,436,14.39672,0.03289,7233,237.89337,0.03289,1308,43.02012000000001,0.01732666644168927
75,2026-05-22 15:23:19.378000+00:00,2026-05-22 15:23:19.378000+00:00,2026-05-22 15:23:19.378000+00:00,2026-05-22 15:23:19.420000+00:00,2026-05-22 15:23:19.420000+00:00,1779463399378000000,1779463399420000000,1779463399378000000,1779463399378000000,1779463399420000000,1779463399420000000,NIGHTUSDT,binance,okx,0.3325272067714601,0.6367495451788808,0,0.3318112762090603,0.636033614616481,-0.000715930562399831,0.000715930562399831,0.000715930562399831,23,42,0.03308,24037,795.14396,0.03319,30,0.9956999999999999,0.03297,18256,601.90032,0.03297,56,1.84632,0.0007334589021132386
76,2026-05-22 15:24:00.792000+00:00,2026-05-22 15:24:00.792000+00:00,2026-05-22 15:24:00.792000+00:00,2026-05-22 15:24:00.838000+00:00,2026-05-22 15:24:00.838000+00:00,1779463440792000000,1779463440838000000,1779463440792000000,1779463440792000000,1779463440838000000,1779463440838000000,BEATUSDT,binance,okx,0.4326507066628159,0.4326507066628159,0.1152405646787756,0.3180705638594354,0.3180705638594354,0.0006604218753951258,0.1145801428033805,0.1145801428033805,3,46,1.0401,81,84.24810000000001,1.0446,27,28.2042,1.0413,83,86.4279,1.0425,34,35.445,0.1145820027211317
77,2026-05-22 15:24:03.734000+00:00,2026-05-22 15:24:03.734000+00:00,2026-05-22 15:24:03.734000+00:00,2026-05-22 15:24:03.753000+00:00,2026-05-22 15:24:03.753000+00:00,1779463443734000000,1779463443753000000,1779463443734000000,1779463443734000000,1779463443753000000,1779463443753000000,NIGHTUSDT,binance,okx,0.9174311926605555,0.9791921664626708,0,0.9166679224874037,0.978428896289519,-0.0007632701731517562,0.0007632701731517562,0.0007632701731517562,18,19,0.0327,45462,1486.6074,0.033,13,0.429,0.03279,15690,514.4751,0.03265,1520,49.628,0.0007772816999269264
78,2026-05-22 15:24:03.758000+00:00,2026-05-22 15:24:03.758000+00:00,2026-05-22 15:24:03.758000+00:00,2026-05-22 15:24:03.767000+00:00,2026-05-22 15:24:03.767000+00:00,1779463443759000000,1779463443767000000,1779463443759000000,1779463443759000000,1779463443767000000,1779463443767000000,NIGHTUSDT,okx,binance,0.3980404164115069,0.3980404164115069,0,0.3959445401187731,0.3959445401187731,-0.002095876292733892,0.002095876292733892,0.002095876292733892,0,8,0.03266,34,1.11044,0.03279,3050,100.0095,0.03278,59,1.93402,0.03276,5975,195.741,0.002096911228160791
79,2026-05-22 15:24:09.424000+00:00,2026-05-22 15:24:09.424000+00:00,2026-05-22 15:24:09.424000+00:00,2026-05-22 15:24:09.443000+00:00,2026-05-22 15:24:09.443000+00:00,1779463449424000000,1779463449443000000,1779463449424000000,1779463449424000000,1779463449443000000,1779463449443000000,NIGHTUSDT,binance,okx,0.5229160258382144,1.301518438177864,0,0.5221277085433234,1.300730120882973,-0.0007883172948910811,0.0007883172948910811,0.0007883172948910811,18,19,0.03251,10217,332.15467,0.03268,278,9.08504,0.03228,4055,130.8954,0.03209,1602,51.40818,0.0008075511892880379
80,2026-05-22 15:24:09.444000+00:00,2026-05-22 15:24:09.444000+00:00,2026-05-22 15:24:09.444000+00:00,2026-05-22 15:24:09.449000+00:00,2026-05-22 15:24:09.449000+00:00,1779463449444000000,1779463449449000000,1779463449444000000,1779463449444000000,1779463449449000000,1779463449449000000,NIGHTUSDT,binance,okx,0.7441860465116191,0.7441860465116191,0,0.7433784953223311,0.7433784953223311,-0.0008075511892880379,0.0008075511892880379,0.0008075511892880379,3,5,0.03225,7317,235.97325,0.03249,79,2.56671,0.03225,14488,467.238,0.03204,1,0.03204,0.0008050774563607867
81,2026-05-22 15:24:09.449000+00:00,2026-05-22 15:24:09.449000+00:00,2026-05-22 15:24:09.449000+00:00,2026-05-22 15:24:09.454000+00:00,2026-05-22 15:24:09.454000+00:00,1779463449449000000,1779463449454000000,1779463449449000000,1779463449449000000,1779463449454000000,1779463449454000000,NIGHTUSDT,okx,binance,0.4675810473815596,0.4675810473815596,0,0.4654847456021517,0.4654847456021517,-0.002096301779407911,0.002096301779407911,0.002096301779407911,2,5,0.03208,12,0.38496,0.03223,7421,239.17883,0.03229,17,0.54893,0.03221,160,5.153600000000001,0.002097711097826316
82,2026-05-22 15:24:12.365000+00:00,2026-05-22 15:24:12.365000+00:00,2026-05-22 15:24:12.365000+00:00,2026-05-22 15:24:12.398000+00:00,2026-05-22 15:24:12.398000+00:00,1779463452365000000,1779463452398000000,1779463452365000000,1779463452365000000,1779463452398000000,1779463452398000000,BEATUSDT,okx,binance,0.8533747090768176,1.212179984484113,0,0.8525958834744797,1.211401158881776,-0.0007788256023378724,0.0007788256023378724,0.0007788256023378724,29,33,1.0312,40,41.248,1.04,43725,45474,1.0467,94,98.3898,1.0453,1553,1623.3509,0.0007911211991465921
83,2026-05-22 15:26:05.742000+00:00,2026-05-22 15:26:05.742000+00:00,2026-05-22 15:26:05.742000+00:00,2026-05-22 15:26:05.762000+00:00,2026-05-22 15:26:05.762000+00:00,1779463565742000000,1779463565762000000,1779463565742000000,1779463565742000000,1779463565762000000,1779463565762000000,EDENUSDT,binance,okx,0.4755865567533295,0.4755865567533295,0.1520334473584126,0.3023915751189602,0.3023915751189602,-0.02116153427595666,0.1731949816343693,0.1731949816343693,0,20,0.1577,357,56.2989,0.15845,900,142.605,0.15786,311,49.09446,0.1581,277,43.79369999999999,0.1731960703939237
84,2026-05-22 15:26:14.295000+00:00,2026-05-22 15:26:14.295000+00:00,2026-05-22 15:26:14.295000+00:00,2026-05-22 15:26:14.305000+00:00,2026-05-22 15:26:14.305000+00:00,1779463574295000000,1779463574305000000,1779463574295000000,1779463574295000000,1779463574305000000,1779463574305000000,BEATUSDT,binance,okx,0.4872456291201017,0.4872456291201017,0.1143837575064427,0.3768902507167351,0.3768902507167351,0.004028379103076046,0.1103553784033666,0.1103553784033666,3,10,1.0467,190,198.873,1.0518,1,1.0518,1.0491,5,5.2455,1.0503,2,2.1006,0.1103587606900693
85,2026-05-22 15:26:33.291000+00:00,2026-05-22 15:26:33.291000+00:00,2026-05-22 15:26:33.291000+00:00,2026-05-22 15:26:33.334000+00:00,2026-05-22 15:26:33.334000+00:00,1779463593291000000,1779463593334000000,1779463593291000000,1779463593291000000,1779463593334000000,1779463593334000000,JELLYJELLYUSDT,okx,binance,0.3153217715350408,0.3584743332377405,0,0.315185588521345,0.3583381502240447,-0.0001361830136958575,0.0001361830136958575,0.0001361830136958575,28,43,0.06977,36,2.51172,0.06999,157,10.98843,0.06965,22,1.5323,0.06958,1086,75.56388,0.0001463135102019646
86,2026-05-22 15:26:40.090000+00:00,2026-05-22 15:26:40.090000+00:00,2026-05-22 15:26:40.090000+00:00,2026-05-22 15:26:40.116000+00:00,2026-05-22 15:26:40.116000+00:00,1779463600090000000,1779463600116000000,1779463600090000000,1779463600090000000,1779463600116000000,1779463600116000000,BEATUSDT,binance,okx,0.6666666666666566,0.6666666666666566,0.08533232198730663,0.5571274821717727,0.5571274821717727,-0.02420686250757732,0.109539184494884,0.109539184494884,16,26,1.05,236,247.8,1.057,1,1.057,1.0547,920,970.324,1.0556,4,4.2224,0.1095436516711774
87,2026-05-22 15:27:20.522000+00:00,2026-05-22 15:27:20.522000+00:00,2026-05-22 15:27:20.522000+00:00,2026-05-22 15:27:20.560000+00:00,2026-05-22 15:27:20.560000+00:00,1779463640522000000,1779463640560000000,1779463640522000000,1779463640522000000,1779463640560000000,1779463640560000000,BEATUSDT,binance,okx,0.4098360655737889,0.4098360655737889,0.1044535181844175,0.3005564303257838,0.3005564303257838,-0.004826117063587515,0.109279635248005,0.109279635248005,1,38,1.0492,28,29.3776,1.0535,5,5.2675,1.0531,54,56.8674,1.0542,18,18.9756,0.1092759493214422
88,2026-05-22 15:27:30.803000+00:00,2026-05-22 15:27:30.803000+00:00,2026-05-22 15:27:30.803000+00:00,2026-05-22 15:27:32.526000+00:00,2026-05-22 15:27:32.526000+00:00,1779463650803000000,1779463652526000000,1779463650803000000,1779463650803000000,1779463652526000000,1779463652526000000,BEATUSDT,binance,okx,0.4256929334973201,0.4350704624988329,0.1136578897518344,0.3162860812714166,0.3256636102729293,0.004251037525930937,0.1094068522259035,0.1094068522259035,7,1723,1.0571,223,235.7333,1.0616,5,5.308000000000001,1.0558,5,5.279,1.057,20,21.14,0.1094040829357947
89,2026-05-22 15:27:46.131000+00:00,2026-05-22 15:27:46.131000+00:00,2026-05-22 15:27:46.131000+00:00,2026-05-22 15:27:46.880000+00:00,2026-05-22 15:27:46.880000+00:00,1779463666131000000,1779463666880000000,1779463666131000000,1779463666131000000,1779463666880000000,1779463666880000000,BEATUSDT,binance,okx,0.4176554342667261,0.4271476032273325,0.1135181155992896,0.3084063155411003,0.3178984845017068,0.004268996873663791,0.1092491187256258,0.1092491187256258,3,749,1.0535,672,707.9520000000001,1.0579,2,2.1158,1.0571,145,153.2795,1.0583,5,5.2915,0.1092517011501712
90,2026-05-22 15:28:01.210000+00:00,2026-05-22 15:28:01.210000+00:00,2026-05-22 15:28:01.210000+00:00,2026-05-22 15:28:03.076000+00:00,2026-05-22 15:28:03.076000+00:00,1779463681210000000,1779463683076000000,1779463681210000000,1779463681210000000,1779463683076000000,1779463683076000000,BEATUSDT,binance,okx,0.426742532005685,0.4457088667614914,0.02842793518432569,0.3174450036709655,0.3364113384267718,-0.0808695931503938,0.1092975283347195,0.1092975283347195,9,1866,1.0545,86,90.687,1.059,5,5.295,1.0553,1346,1420.4338,1.0556,3,3.1668,0.1092995790439729
91,2026-05-22 15:29:10.079000+00:00,2026-05-22 15:29:10.079000+00:00,2026-05-22 15:29:10.079000+00:00,2026-05-22 15:29:10.136000+00:00,2026-05-22 15:29:10.136000+00:00,1779463750079000000,1779463750136000000,1779463750079000000,1779463750079000000,1779463750136000000,1779463750136000000,LITUSDT,binance,okx,0.5654093408721311,0.5654093408721311,0.1547748026621268,0.4140656877915799,0.4140656877915799,0.003431149581575504,0.1513436530805513,0.1513436530805513,11,57,1.2911,107.1,138.27681,1.2984,105,136.332,1.2922,150.7,194.73454,1.2942,225,291.195,0.1513492242421839
92,2026-05-22 15:30:16.774000+00:00,2026-05-22 15:30:16.774000+00:00,2026-05-22 15:30:16.774000+00:00,2026-05-22 15:30:16.793000+00:00,2026-05-22 15:30:16.793000+00:00,1779463816774000000,1779463816793000000,1779463816774000000,1779463816774000000,1779463816793000000,1779463816793000000,USELESSUSDT,okx,binance,0.4756575265808521,0.503778337531485,0.02795248078265862,0.4559267137350324,0.4840475246856654,0.008221667936838966,0.01973081284581966,0.01973081284581966,14,19,0.07148,715,51.1082,0.07182,728,52.28496,0.07155,130,9.3015,0.07157,2670,191.0919,0.01973410001419208
93,2026-05-22 15:28:50.490000+00:00,2026-05-22 15:28:50.490000+00:00,2026-05-22 15:28:50.490000+00:00,2026-05-22 15:30:19.174000+00:00,2026-05-22 15:30:19.174000+00:00,1779463730491000000,1779463819174000000,1779463730491000000,1779463730491000000,1779463819174000000,1779463819174000000,TRIAUSDT,okx,binance,0.4065958888638052,0.4724409448818783,0.02234137622876703,0.328666480913142,0.3945115369312152,-0.05558803172189615,0.07792940795066318,0.07792940795066318,6854,88683,0.04427,19,0.8411299999999999,0.04445,7379,327.99655,0.04476,7,0.31332,0.04477,1440,64.4688,0.07972595490671575
94,2026-05-22 15:30:54.515000+00:00,2026-05-22 15:30:54.515000+00:00,2026-05-22 15:30:54.515000+00:00,2026-05-22 15:31:10.273000+00:00,2026-05-22 15:31:10.273000+00:00,1779463854515000000,1779463870273000000,1779463854515000000,1779463854515000000,1779463870273000000,1779463870273000000,TRIAUSDT,okx,binance,0.4026845637584039,0.6705409029950709,0,0.3220894523489485,0.5899457915856154,-0.08059511140945545,0.08059511140945545,0.08059511140945545,15753,15758,0.0447,4,0.1788,0.04488,2732,122.61216,0.04495,34,1.5283,0.04456,3542,157.83152,0.08115164450190072
95,2026-05-22 15:31:10.297000+00:00,2026-05-22 15:31:10.297000+00:00,2026-05-22 15:31:10.297000+00:00,2026-05-22 15:31:10.343000+00:00,2026-05-22 15:31:10.343000+00:00,1779463870297000000,1779463870343000000,1779463870297000000,1779463870297000000,1779463870343000000,1779463870343000000,TRIAUSDT,okx,binance,0.4472271914132352,0.5146565227120184,0.06703910614525642,0.3660813321312484,0.4335106634300317,-0.01410675313673032,0.08114585928198674,0.08114585928198674,10,46,0.04472,48,2.14656,0.04492,6942,311.83464,0.04475,21,0.93975,0.04478,1654,74.06612,0.08115275930490518
96,2026-05-22 15:31:28.953000+00:00,2026-05-22 15:31:28.953000+00:00,2026-05-22 15:31:28.953000+00:00,2026-05-22 15:31:28.970000+00:00,2026-05-22 15:31:28.970000+00:00,1779463888953000000,1779463888971000000,1779463888953000000,1779463888953000000,1779463888971000000,1779463888971000000,EDENUSDT,binance,okx,0.5497703900135759,0.6018248883711812,0.1681541844521941,0.3740786822453816,0.4261331806029869,-0.007537523316000189,0.1756917077681943,0.1756917077681943,12,18,0.15461,5911,913.89971,0.15546,33,5.130179999999999,0.15462,3433,530.81046,0.15488,7369,1141.31072,0.1756950355711037
97,2026-05-22 15:31:30.668000+00:00,2026-05-22 15:31:30.668000+00:00,2026-05-22 15:31:30.668000+00:00,2026-05-22 15:31:30.687000+00:00,2026-05-22 15:31:30.687000+00:00,1779463890668000000,1779463890688000000,1779463890668000000,1779463890668000000,1779463890688000000,1779463890688000000,EDENUSDT,binance,okx,0.6982966781961676,1.035386631716906,0.07210277923439892,0.5226017151486219,0.8596916686693599,-0.1035921838131468,0.1756949630475457,0.1756949630475457,19,20,0.15323,9718,1489.08914,0.1543,3,0.4629,0.15256,30507,4654.14792,0.15267,104,15.87768,0.1756999234512615
98,2026-05-22 15:31:30.701000+00:00,2026-05-22 15:31:30.701000+00:00,2026-05-22 15:31:30.701000+00:00,2026-05-22 15:31:30.722000+00:00,2026-05-22 15:31:30.722000+00:00,1779463890701000000,1779463890722000000,1779463890701000000,1779463890701000000,1779463890722000000,1779463890722000000,EDENUSDT,okx,binance,0.3408941916874215,0.7486209613869202,0,0.3408612388676782,0.7485880085671769,-3.295281974330667e-05,3.295281974330667e-05,3.295281974330667e-05,15,21,0.15254,666,101.59164,0.15306,4612,705.91272,0.15307,2234,341.95838,0.15301,201,30.75501,3.689685824300061e-05
99,2026-05-22 15:32:01.105000+00:00,2026-05-22 15:32:01.105000+00:00,2026-05-22 15:32:01.105000+00:00,2026-05-22 15:32:01.129000+00:00,2026-05-22 15:32:01.129000+00:00,1779463921105000000,1779463921130000000,1779463921105000000,1779463921105000000,1779463921130000000,1779463921130000000,EDENUSDT,binance,okx,0.5192107995846282,0.5192107995846282,0.155601659751049,0.3431132887129061,0.3431132887129061,-0.02049585112067306,0.1760975108717221,0.1760975108717221,0,25,0.15408,18146,2795.93568,0.15488,19,2.94272,0.15424,69,10.64256,0.15448,487,75.23176000000001,0.1760994148103007
100,2026-05-22 15:32:23.386000+00:00,2026-05-22 15:32:23.386000+00:00,2026-05-22 15:32:23.386000+00:00,2026-05-22 15:32:26.970000+00:00,2026-05-22 15:32:26.970000+00:00,1779463943387000000,1779463946970000000,1779463943387000000,1779463943387000000,1779463946970000000,1779463946970000000,BEATUSDT,binance,okx,0.4297458893871391,0.5487861594270316,0.09298000929801134,0.3205894588737415,0.4396297289136339,-0.01617642121538636,0.1091564305133977,0.1091564305133977,179,3583,1.0704,93,99.5472,1.075,27,29.025,1.0755,459,493.6544999999999,1.0765,5,5.3825,0.1092515090547184
