event_id,detected_at_utc,market,buy_exchange,sell_exchange,start_spread_pct,max_spread_pct,duration_ms,buy_price,sell_price,average_spread_pct
1,2026-05-22 15:10:05.926000+00:00,BEATUSDT,binance,okx,0.467421,0.467421,38,1.0697,1.0747,0.130657
2,2026-05-22 15:10:27.361000+00:00,JELLYJELLYUSDT,binance,okx,0.314331,0.702811,26,0.06999,0.07021,0.001867
3,2026-05-22 15:10:29.713000+00:00,SAPIENUSDT,okx,binance,0.315408,0.315408,20,0.12682,0.12722,1.2e-05
4,2026-05-22 15:10:43.904000+00:00,ZBTUSDT,okx,binance,0.314042,0.46145,30,0.15603,0.15652,0.00013
5,2026-05-22 15:10:49.654000+00:00,ZBTUSDT,okx,binance,0.358285,0.358285,20,0.1563,0.15686,0.000141
6,2026-05-22 15:11:05.810000+00:00,SPKUSDT,binance,okx,0.348311,0.418264,21,0.02871,0.02881,0.000346
7,2026-05-22 15:11:05.837000+00:00,SPKUSDT,okx,binance,0.314575,0.314575,19,0.02861,0.0287,8e-06
8,2026-05-22 15:11:09.136000+00:00,BEATUSDT,binance,okx,0.601518,0.601518,33,1.0806,1.0871,0.130957
9,2026-05-22 15:11:44.639000+00:00,SAHARAUSDT,okx,binance,0.30175,0.30175,51,0.03314,0.03324,3.7e-05
10,2026-05-22 15:11:47.073000+00:00,BABYUSDT,okx,binance,0.428135,1.100917,24,0.01635,0.01642,2.6e-05
11,2026-05-22 15:12:04.680000+00:00,BEATUSDT,binance,okx,0.43429,0.43429,19,1.0592,1.0638,0.131724
12,2026-05-22 15:12:34.281000+00:00,BEATUSDT,binance,okx,0.454287,0.482817,3087,1.0566,1.0614,0.13274
13,2026-05-22 15:13:01.274000+00:00,STABLEUSDT,binance,okx,1.129761,1.162415,24,0.03098,0.03133,0.032635
14,2026-05-22 15:13:01.312000+00:00,STABLEUSDT,binance,okx,0.387347,0.551053,519,0.03098,0.0311,0.03267
15,2026-05-22 15:13:02.307000+00:00,STABLEUSDT,binance,okx,0.485751,0.485751,313,0.03088,0.03103,0.032704
16,2026-05-22 15:13:36.384000+00:00,STABLEUSDT,binance,okx,0.616683,0.813008,46,0.03081,0.031,0.033697
17,2026-05-22 15:13:36.474000+00:00,PYTHUSDT,binance,okx,0.334448,0.406407,19,0.04186,0.042,1.6e-05
18,2026-05-22 15:14:02.474000+00:00,BEATUSDT,binance,okx,0.494908,0.494908,3565,1.0507,1.0559,0.13343
19,2026-05-22 15:14:06.054000+00:00,BEATUSDT,okx,binance,0.343675,0.353256,6,1.0475,1.0511,0.000719
20,2026-05-22 15:14:07.598000+00:00,BEATUSDT,okx,binance,0.427184,1.055409,37,1.03,1.0344,0.000728
21,2026-05-22 15:14:08.081000+00:00,ZBTUSDT,binance,okx,0.352587,0.352587,12,0.15599,0.15654,0.052371
22,2026-05-22 15:14:44.123000+00:00,SPACEUSDT,binance,okx,0.328159,0.366162,21,0.007923,0.007949,0.009196
23,2026-05-22 15:14:46.799000+00:00,BEATUSDT,binance,okx,0.437855,0.467941,48,1.0049,1.0093,0.132263
24,2026-05-22 15:14:51.475000+00:00,BEATUSDT,binance,okx,0.480673,0.480673,44,0.9986,1.0034,0.132141
25,2026-05-22 15:15:11.754000+00:00,BEATUSDT,okx,binance,0.323119,0.354795,18,0.9594,0.9625,0.000727
26,2026-05-22 15:15:11.794000+00:00,BEATUSDT,binance,okx,0.470072,0.470072,20,0.9573,0.9618,0.131316
27,2026-05-22 15:15:12.400000+00:00,BEATUSDT,okx,binance,0.429095,0.766646,15,0.9555,0.9596,0.000744
28,2026-05-22 15:15:12.443000+00:00,BEATUSDT,binance,okx,0.517916,0.528541,25,0.9461,0.951,0.131283
29,2026-05-22 15:15:22.459000+00:00,BEATUSDT,okx,binance,0.367647,0.399202,9,0.952,0.9555,0.000738
30,2026-05-22 15:15:22.576000+00:00,BEATUSDT,okx,binance,0.433908,0.572155,13,0.9449,0.949,0.000741
31,2026-05-22 15:15:22.590000+00:00,BEATUSDT,okx,binance,0.307334,0.606447,8,0.9436,0.9465,0.000741
32,2026-05-22 15:15:22.601000+00:00,BEATUSDT,okx,binance,0.446856,0.457495,26,0.9399,0.9441,0.000748
33,2026-05-22 15:15:30.321000+00:00,BEATUSDT,binance,okx,0.446334,0.446334,21,0.941,0.9452,0.130422
34,2026-05-22 15:16:00.763000+00:00,BEATUSDT,binance,okx,0.504617,0.982085,28,0.9314,0.9361,0.129052
35,2026-05-22 15:16:00.937000+00:00,BEATUSDT,binance,okx,0.456076,1.092777,596,0.9209,0.9251,0.129115
36,2026-05-22 15:16:06.608000+00:00,BEATUSDT,binance,okx,0.444493,0.444493,20,0.9224,0.9265,0.128949
37,2026-05-22 15:16:12.217000+00:00,GRASSUSDT,okx,binance,0.365213,0.388039,18,0.4381,0.4397,0.009521
38,2026-05-22 15:16:25.376000+00:00,HOMEUSDT,binance,okx,0.365429,0.365429,20,0.023534,0.02362,0.006983
39,2026-05-22 15:16:56.579000+00:00,EDENUSDT,okx,binance,0.325504,0.619096,25,0.15668,0.15719,4.2e-05
40,2026-05-22 15:16:56.624000+00:00,EDENUSDT,binance,okx,1.054169,1.060587,23,0.15747,0.15913,0.160253
41,2026-05-22 15:16:58.470000+00:00,EDENUSDT,binance,okx,0.505625,0.505625,22,0.15822,0.15902,0.160282
42,2026-05-22 15:17:20.260000+00:00,BEATUSDT,binance,okx,0.445734,0.476882,17,0.9647,0.969,0.125908
43,2026-05-22 15:17:42.840000+00:00,LABUSDT,binance,okx,0.410092,0.42576,14,4.4868,4.5052,0.083603
44,2026-05-22 15:17:56.722000+00:00,EDENUSDT,binance,okx,0.486891,0.505334,1048,0.1602,0.16098,0.161967
45,2026-05-22 15:18:13.191000+00:00,BEATUSDT,binance,okx,0.46919,0.46919,18,0.9591,0.9636,0.123949
46,2026-05-22 15:18:19.570000+00:00,EDENUSDT,binance,okx,0.509064,0.577353,1922,0.16108,0.1619,0.162774
47,2026-05-22 15:18:34.685000+00:00,LINEAUSDT,binance,okx,0.320887,0.379451,19,0.003428,0.003439,0.001815
48,2026-05-22 15:20:12.885000+00:00,EIGENUSDT,okx,binance,0.336215,0.336215,7,0.2082,0.2089,0.000131
49,2026-05-22 15:20:49.921000+00:00,BEATUSDT,okx,binance,0.407481,0.407481,13,0.9571,0.961,0.000775
50,2026-05-22 15:21:04.284000+00:00,GRASSUSDT,okx,binance,0.322284,0.368324,18,0.4344,0.4358,0.009613
51,2026-05-22 15:21:19.874000+00:00,BEATUSDT,okx,binance,0.344288,0.396453,19,0.9585,0.9618,0.000775
52,2026-05-22 15:21:20.399000+00:00,SAPIENUSDT,binance,okx,0.340513,0.34846,23,0.12628,0.12671,0.01531
53,2026-05-22 15:21:21.345000+00:00,SAHARAUSDT,binance,okx,0.42245,0.483092,55,0.03314,0.03328,0.016575
54,2026-05-22 15:21:34.298000+00:00,USELESSUSDT,okx,binance,0.351617,0.365734,17,0.0711,0.07135,0.020789
55,2026-05-22 15:22:01.352000+00:00,BEATUSDT,binance,okx,0.484536,0.525827,17,0.97,0.9747,0.116587
56,2026-05-22 15:22:01.669000+00:00,BEATUSDT,binance,okx,0.432856,0.504998,20,0.9703,0.9745,0.116578
57,2026-05-22 15:22:02.274000+00:00,BEATUSDT,binance,okx,0.503494,0.68845,57,0.9732,0.9781,0.116571
58,2026-05-22 15:22:02.718000+00:00,BEATUSDT,binance,okx,0.420297,0.615006,34,0.9755,0.9796,0.116569
59,2026-05-22 15:22:03.160000+00:00,BEATUSDT,binance,okx,0.426743,0.629186,87,0.9842,0.9884,0.116568
60,2026-05-22 15:22:03.313000+00:00,BEATUSDT,binance,okx,0.668625,1.023199,62,0.9871,0.9937,0.116573
61,2026-05-22 15:22:04.206000+00:00,BEATUSDT,binance,okx,0.424972,0.556567,70,0.9883,0.9925,0.116571
62,2026-05-22 15:22:04.525000+00:00,BEATUSDT,binance,okx,0.425058,0.435179,58,0.9881,0.9923,0.116565
63,2026-05-22 15:22:08.597000+00:00,BEATUSDT,binance,okx,0.432726,0.432726,109,0.9937,0.998,0.116483
64,2026-05-22 15:22:08.723000+00:00,BEATUSDT,binance,okx,0.421729,0.432117,932,0.9959,1.0001,0.116507
65,2026-05-22 15:22:19.565000+00:00,BEATUSDT,binance,okx,0.420126,0.430129,15,0.9997,1.0039,0.116271
66,2026-05-22 15:22:24.152000+00:00,BEATUSDT,binance,okx,0.419162,0.429142,29,1.002,1.0062,0.11621
67,2026-05-22 15:22:32.319000+00:00,BEATUSDT,binance,okx,0.435471,0.435471,1214,1.0104,1.0148,0.116099
68,2026-05-22 15:22:45.123000+00:00,BEATUSDT,binance,okx,0.422854,0.540859,30,1.0169,1.0212,0.115793
69,2026-05-22 15:22:45.727000+00:00,BEATUSDT,binance,okx,0.433241,0.433241,21,1.0156,1.02,0.115783
70,2026-05-22 15:22:55.226000+00:00,BEATUSDT,binance,okx,0.421362,0.695737,43,1.0205,1.0248,0.115774
71,2026-05-22 15:22:55.515000+00:00,BEATUSDT,binance,okx,0.43984,0.43984,902,1.0231,1.0276,0.115795
72,2026-05-22 15:23:03.772000+00:00,WLDUSDT,okx,binance,0.372881,0.711864,23,0.295,0.2961,6.3e-05
73,2026-05-22 15:23:05.875000+00:00,BEATUSDT,binance,okx,0.422024,0.431881,334,1.0189,1.0232,0.115805
74,2026-05-22 15:23:10.720000+00:00,SAHARAUSDT,binance,okx,0.334245,0.364742,19,0.03291,0.03302,0.017327
75,2026-05-22 15:23:19.378000+00:00,NIGHTUSDT,binance,okx,0.332527,0.63675,42,0.03308,0.03319,0.000733
76,2026-05-22 15:24:00.792000+00:00,BEATUSDT,binance,okx,0.432651,0.432651,46,1.0401,1.0446,0.114582
77,2026-05-22 15:24:03.734000+00:00,NIGHTUSDT,binance,okx,0.917431,0.979192,19,0.0327,0.033,0.000777
78,2026-05-22 15:24:03.758000+00:00,NIGHTUSDT,okx,binance,0.39804,0.39804,8,0.03266,0.03279,0.002097
79,2026-05-22 15:24:09.424000+00:00,NIGHTUSDT,binance,okx,0.522916,1.301518,19,0.03251,0.03268,0.000808
80,2026-05-22 15:24:09.444000+00:00,NIGHTUSDT,binance,okx,0.744186,0.744186,5,0.03225,0.03249,0.000805
81,2026-05-22 15:24:09.449000+00:00,NIGHTUSDT,okx,binance,0.467581,0.467581,5,0.03208,0.03223,0.002098
82,2026-05-22 15:24:12.365000+00:00,BEATUSDT,okx,binance,0.853375,1.21218,33,1.0312,1.04,0.000791
83,2026-05-22 15:26:05.742000+00:00,EDENUSDT,binance,okx,0.475587,0.475587,20,0.1577,0.15845,0.173196
84,2026-05-22 15:26:14.295000+00:00,BEATUSDT,binance,okx,0.487246,0.487246,10,1.0467,1.0518,0.110359
85,2026-05-22 15:26:33.291000+00:00,JELLYJELLYUSDT,okx,binance,0.315322,0.358474,43,0.06977,0.06999,0.000146
86,2026-05-22 15:26:40.090000+00:00,BEATUSDT,binance,okx,0.666667,0.666667,26,1.05,1.057,0.109544
87,2026-05-22 15:27:20.522000+00:00,BEATUSDT,binance,okx,0.409836,0.409836,38,1.0492,1.0535,0.109276
88,2026-05-22 15:27:30.803000+00:00,BEATUSDT,binance,okx,0.425693,0.43507,1723,1.0571,1.0616,0.109404
89,2026-05-22 15:27:46.131000+00:00,BEATUSDT,binance,okx,0.417655,0.427148,749,1.0535,1.0579,0.109252
90,2026-05-22 15:28:01.210000+00:00,BEATUSDT,binance,okx,0.426743,0.445709,1866,1.0545,1.059,0.1093
91,2026-05-22 15:29:10.079000+00:00,LITUSDT,binance,okx,0.565409,0.565409,57,1.2911,1.2984,0.151349
92,2026-05-22 15:30:16.774000+00:00,USELESSUSDT,okx,binance,0.475658,0.503778,19,0.07148,0.07182,0.019734
93,2026-05-22 15:28:50.490000+00:00,TRIAUSDT,okx,binance,0.406596,0.472441,88683,0.04427,0.04445,0.079726
94,2026-05-22 15:30:54.515000+00:00,TRIAUSDT,okx,binance,0.402685,0.670541,15758,0.0447,0.04488,0.081152
95,2026-05-22 15:31:10.297000+00:00,TRIAUSDT,okx,binance,0.447227,0.514657,46,0.04472,0.04492,0.081153
96,2026-05-22 15:31:28.953000+00:00,EDENUSDT,binance,okx,0.54977,0.601825,18,0.15461,0.15546,0.175695
97,2026-05-22 15:31:30.668000+00:00,EDENUSDT,binance,okx,0.698297,1.035387,20,0.15323,0.1543,0.1757
98,2026-05-22 15:31:30.701000+00:00,EDENUSDT,okx,binance,0.340894,0.748621,21,0.15254,0.15306,3.7e-05
99,2026-05-22 15:32:01.105000+00:00,EDENUSDT,binance,okx,0.519211,0.519211,25,0.15408,0.15488,0.176099
100,2026-05-22 15:32:23.386000+00:00,BEATUSDT,binance,okx,0.429746,0.548786,3583,1.0704,1.075,0.109252
